Workbook

Sheet Runs
A1: run_id | B1: completed_at | C1: model | D1: launch_target | E1: task_group | F1: task_type | G1: task_index | H1: variant | I1: html_file | J1: success | K1: outcome | L1: duration_seconds | M1: decision_rounds | N1: model_requests | O1: check_presses | P1: input_tokens | Q1: cached_input_tokens | R1: output_tokens | S1: reasoning_tokens | T1: total_tokens | U1: estimated_cost_usd | V1: manual_error_type | W1: manual_notes
A2: 20260521_134233_821379 | B2: 2026-05-21T13:44:55 | C2: gpt-5.5-2026-04-23 | D2: base task index 1 | E2: base | F2: text | G2: 1 | H2: 1 | I2: puzzle_text.html | J2: FALSE | K2: failure_state_detected | L2: 139.28 | M2: 3 | N2: 3 | O2: 3 | P2: 9286 | Q2: 2304 | R2: 5076 | S2: 4536 | T2: 14362 | U2: 0.094171 | V2: Attēls vai objekts interpretēts nepareizi
A3: 20260521_134540_865168 | B3: 2026-05-21T13:47:34 | C3: gpt-5.5-2026-04-23 | D3: base task index 1 | E3: base | F3: text | G3: 1 | H3: 1 | I3: puzzle_text.html | J3: FALSE | K3: failure_state_detected | L3: 111.252 | M3: 3 | N3: 3 | O3: 3 | P3: 9293 | Q3: 0 | R3: 4396 | S3: 3800 | T3: 13689 | U3: 0.0891725 | V3: Attēls vai objekts interpretēts nepareizi
A4: 20260521_135156_271367 | B4: 2026-05-21T13:52:10 | C4: gpt-5.5-2026-04-23 | D4: base task index 2 | E4: base | F4: text | G4: 2 | H4: 2 | I4: puzzle_text.html | J4: TRUE | K4: success | L4: 12.466 | M4: 1 | N4: 1 | O4: 1 | P4: 3048 | Q4: 2304 | R4: 440 | S4: 241 | T4: 3488 | U4: 0.009036
A5: 20260521_135218_004888 | B5: 2026-05-21T13:52:46 | C5: gpt-5.5-2026-04-23 | D5: base task index 2 | E5: base | F5: text | G5: 2 | H5: 2 | I5: puzzle_text.html | J5: TRUE | K5: success | L5: 26.188 | M5: 1 | N5: 1 | O5: 1 | P5: 3048 | Q5: 2304 | R5: 1082 | S5: 886 | T5: 4130 | U5: 0.018666
A6: 20260521_135307_419238 | B6: 2026-05-21T13:54:27 | C6: gpt-5.5-2026-04-23 | D6: base task index 3 | E6: base | F6: text | G6: 3 | H6: 3 | I6: puzzle_text.html | J6: FALSE | K6: failure_state_detected | L6: 78.098 | M6: 3 | N6: 3 | O6: 3 | P6: 9284 | Q6: 0 | R6: 2893 | S6: 2283 | T6: 12177 | U6: 0.066605 | V6: Attēls vai objekts interpretēts nepareizi
A7: 20260521_135440_109574 | B7: 2026-05-21T13:55:30 | C7: gpt-5.5-2026-04-23 | D7: base task index 3 | E7: base | F7: text | G7: 3 | H7: 3 | I7: puzzle_text.html | J7: FALSE | K7: failure_state_detected | L7: 47.995 | M7: 3 | N7: 3 | O7: 3 | P7: 9276 | Q7: 0 | R7: 1971 | S7: 1367 | T7: 11247 | U7: 0.052755 | V7: Attēls vai objekts interpretēts nepareizi
A8: 20260521_135542_466264 | B8: 2026-05-21T13:55:55 | C8: gpt-5.5-2026-04-23 | D8: base task index 4 | E8: base | F8: text | G8: 4 | H8: 4 | I8: puzzle_text.html | J8: TRUE | K8: success | L8: 11.455 | M8: 1 | N8: 1 | O8: 1 | P8: 3048 | Q8: 0 | R8: 506 | S8: 317 | T8: 3554 | U8: 0.01521
A9: 20260521_135559_831532 | B9: 2026-05-21T13:56:17 | C9: gpt-5.5-2026-04-23 | D9: base task index 4 | E9: base | F9: text | G9: 4 | H9: 4 | I9: puzzle_text.html | J9: TRUE | K9: success | L9: 15.134 | M9: 1 | N9: 1 | O9: 1 | P9: 3048 | Q9: 0 | R9: 552 | S9: 354 | T9: 3600 | U9: 0.0159
A10: 20260521_135643_460145 | B10: 2026-05-21T14:00:16 | C10: gpt-5.5-2026-04-23 | D10: base task index 5 | E10: base | F10: slide | G10: 5 | H10: 1 | I10: puzzle_slide.html | J10: TRUE | K10: success | L10: 210.757 | M10: 6 | N10: 6 | O10: 1 | P10: 19191 | Q10: 0 | R10: 7234 | S10: 6391 | T10: 26425 | U10: 0.1564875
A11: 20260521_140020_697321 | B11: 2026-05-21T14:04:30 | C11: gpt-5.5-2026-04-23 | D11: base task index 5 | E11: base | F11: slide | G11: 5 | H11: 1 | I11: puzzle_slide.html | J11: TRUE | K11: success | L11: 247.92 | M11: 8 | N11: 8 | O11: 1 | P11: 25892 | Q11: 2304 | R11: 9170 | S11: 8044 | T11: 35062 | U11: 0.197096
A12: 20260521_140442_820992 | B12: 2026-05-21T14:06:08 | C12: gpt-5.5-2026-04-23 | D12: base task index 6 | E12: base | F12: slide | G12: 6 | H12: 2 | I12: puzzle_slide.html | J12: TRUE | K12: success | L12: 83.461 | M12: 3 | N12: 3 | O12: 1 | P12: 9339 | Q12: 0 | R12: 2826 | S12: 2421 | T12: 12165 | U12: 0.0657375
A13: 20260521_140617_404187 | B13: 2026-05-21T14:07:58 | C13: gpt-5.5-2026-04-23 | D13: base task index 6 | E13: base | F13: slide | G13: 6 | H13: 2 | I13: puzzle_slide.html | J13: TRUE | K13: success | L13: 98.77 | M13: 3 | N13: 3 | O13: 1 | P13: 9348 | Q13: 2304 | R13: 3078 | S13: 2666 | T13: 12426 | U13: 0.064356
A14: 20260521_140836_307027 | B14: 2026-05-21T14:10:25 | C14: gpt-5.5-2026-04-23 | D14: base task index 7 | E14: base | F14: slide | G14: 7 | H14: 3 | I14: puzzle_slide.html | J14: TRUE | K14: success | L14: 106.693 | M14: 3 | N14: 3 | O14: 1 | P14: 9361 | Q14: 0 | R14: 3586 | S14: 3163 | T14: 12947 | U14: 0.0771925
A15: 20260521_141030_021383 | B15: 2026-05-21T14:11:54 | C15: gpt-5.5-2026-04-23 | D15: base task index 7 | E15: base | F15: slide | G15: 7 | H15: 3 | I15: puzzle_slide.html | J15: TRUE | K15: success | L15: 82.37 | M15: 3 | N15: 3 | O15: 1 | P15: 9362 | Q15: 0 | R15: 2663 | S15: 2258 | T15: 12025 | U15: 0.06335
A16: 20260521_141258_846451 | B16: 2026-05-21T14:16:36 | C16: gpt-5.5-2026-04-23 | D16: base task index 8 | E16: base | F16: slide | G16: 8 | H16: 4 | I16: puzzle_slide.html | J16: TRUE | K16: success | L16: 215.192 | M16: 6 | N16: 6 | O16: 3 | P16: 19168 | Q16: 0 | R16: 7822 | S16: 6874 | T16: 26990 | U16: 0.16525
A17: 20260521_141730_494382 | B17: 2026-05-21T14:20:18 | C17: gpt-5.5-2026-04-23 | D17: base task index 8 | E17: base | F17: slide | G17: 8 | H17: 4 | I17: puzzle_slide.html | J17: TRUE | K17: success | L17: 166.458 | M17: 3 | N17: 3 | O17: 1 | P17: 9355 | Q17: 2304 | R17: 5974 | S17: 5548 | T17: 15329 | U17: 0.1078135
A18: 20260521_142450_114910 | B18: 2026-05-21T14:25:06 | C18: gpt-5.5-2026-04-23 | D18: base task index 9 | E18: base | F18: choose | G18: 9 | H18: 1 | I18: puzzle_choose.html | J18: TRUE | K18: success | L18: 14.453 | M18: 1 | N18: 1 | O18: 1 | P18: 3054 | Q18: 0 | R18: 580 | S18: 195 | T18: 3634 | U18: 0.016335
A19: 20260521_142510_286813 | B19: 2026-05-21T14:25:26 | C19: gpt-5.5-2026-04-23 | D19: base task index 9 | E19: base | F19: choose | G19: 9 | H19: 1 | I19: puzzle_choose.html | J19: TRUE | K19: success | L19: 14.128 | M19: 1 | N19: 1 | O19: 1 | P19: 3054 | Q19: 2304 | R19: 605 | S19: 224 | T19: 3659 | U19: 0.011526
... A33: 20260521_144245_972883 | B33: 2026-05-21T14:43:12 | C33: gpt-5.5-2026-04-23 | D33: base task index 16 | E33: base | F33: cover | G33: 16 | H33: 4 | I33: puzzle_cover.html | J33: TRUE | K33: success | L33: 24.029 | M33: 1 | N33: 1 | O33: 1 | P33: 3048 | Q33: 0 | R33: 1005 | S33: 516 | T33: 4053 | U33: 0.022695
A34: 20260521_144345_372482 | B34: 2026-05-21T14:55:52 | C34: gpt-5.5-2026-04-23 | D34: standalone shadow prototype puzzle | E34: prototype | F34: shadow_prototype | I34: puzzle_main_prototype.html | J34: FALSE | K34: decision_round_limit | L34: 725.025 | M34: 10 | N34: 10 | O34: 1 | P34: 33210 | Q34: 0 | R34: 28801 | S34: 27140 | T34: 62011 | U34: 0.51504 | V34: Telpiskā spriešana vai mērķa stāvoklis nepareizs
A35: 20260521_150621_637283 | B35: 2026-05-21T15:17:45 | C35: gpt-5.5-2026-04-23 | D35: standalone shadow prototype puzzle | E35: prototype | F35: shadow_prototype | I35: puzzle_main_prototype.html | J35: FALSE | K35: decision_round_limit | L35: 681.65 | M35: 10 | N35: 10 | O35: 0 | P35: 33216 | Q35: 0 | R35: 25967 | S35: 24522 | T35: 59183 | U35: 0.472545 | V35: Telpiskā spriešana vai mērķa stāvoklis nepareizs
A36: 20260521_153708_252338 | B36: 2026-05-21T15:50:49 | C36: gpt-5.5-2026-04-23 | D36: standalone shadow prototype puzzle | E36: prototype | F36: shadow_prototype | I36: puzzle_main_prototype.html | J36: FALSE | K36: decision_round_limit | L36: 818.994 | M36: 10 | N36: 10 | O36: 1 | P36: 33615 | Q36: 0 | R36: 31421 | S36: 29953 | T36: 65036 | U36: 0.5553525 | V36: Telpiskā spriešana vai mērķa stāvoklis nepareizs
A37: 20260521_155056_727725 | B37: 2026-05-21T16:04:39 | C37: gpt-5.5-2026-04-23 | D37: standalone shadow prototype puzzle | E37: prototype | F37: shadow_prototype | I37: puzzle_main_prototype.html | J37: FALSE | K37: decision_round_limit | L37: 820.585 | M37: 10 | N37: 10 | O37: 0 | P37: 33561 | Q37: 0 | R37: 29960 | S37: 28500 | T37: 63521 | U37: 0.5333025 | V37: Telpiskā spriešana vai mērķa stāvoklis nepareizs
A38: 20260521_160928_039580 | B38: 2026-05-21T16:21:32 | C38: gpt-5.5-2026-04-23 | D38: standalone shadow prototype puzzle | E38: prototype | F38: shadow_prototype | I38: puzzle_main_prototype.html | J38: FALSE | K38: decision_round_limit | L38: 722.651 | M38: 10 | N38: 10 | O38: 0 | P38: 33489 | Q38: 0 | R38: 27653 | S38: 26185 | T38: 61142 | U38: 0.4985175 | V38: Telpiskā spriešana vai mērķa stāvoklis nepareizs
A39: 20260521_162438_240556 | B39: 2026-05-21T16:37:55 | C39: gpt-5.5-2026-04-23 | D39: standalone shadow prototype puzzle | E39: prototype | F39: shadow_prototype | I39: puzzle_main_prototype.html | J39: FALSE | K39: decision_round_limit | L39: 795.303 | M39: 10 | N39: 10 | O39: 0 | P39: 33532 | Q39: 0 | R39: 29578 | S39: 28122 | T39: 63110 | U39: 0.5275 | V39: Telpiskā spriešana vai mērķa stāvoklis nepareizs
A40: 20260521_163806_947098 | B40: 2026-05-21T16:49:40 | C40: gpt-5.5-2026-04-23 | D40: standalone shadow prototype puzzle | E40: prototype | F40: shadow_prototype | I40: puzzle_main_prototype.html | J40: FALSE | K40: decision_round_limit | L40: 691.451 | M40: 10 | N40: 10 | O40: 0 | P40: 33431 | Q40: 0 | R40: 26035 | S40: 24571 | T40: 59466 | U40: 0.4741025 | V40: Telpiskā spriešana vai mērķa stāvoklis nepareizs
A41: 20260521_164952_736962 | B41: 2026-05-21T17:05:16 | C41: gpt-5.5-2026-04-23 | D41: standalone shadow prototype puzzle | E41: prototype | F41: shadow_prototype | I41: puzzle_main_prototype.html | J41: FALSE | K41: decision_round_limit | L41: 921.219 | M41: 10 | N41: 10 | O41: 2 | P41: 33365 | Q41: 0 | R41: 32649 | S41: 31153 | T41: 66014 | U41: 0.5731475 | V41: Telpiskā spriešana vai mērķa stāvoklis nepareizs
A42: 20260521_170528_120100 | B42: 2026-05-21T17:13:47 | C42: gpt-5.5-2026-04-23 | D42: standalone shadow prototype puzzle | E42: prototype | F42: shadow_prototype | I42: puzzle_main_prototype.html | J42: FALSE | K42: decision_round_limit | L42: 497.614 | M42: 10 | N42: 10 | O42: 0 | P42: 33465 | Q42: 0 | R42: 17568 | S42: 16069 | T42: 51033 | U42: 0.3471825 | V42: Telpiskā spriešana vai mērķa stāvoklis nepareizs
A43: 20260521_171401_396494 | B43: 2026-05-21T17:29:04 | C43: gpt-5.5-2026-04-23 | D43: standalone shadow prototype puzzle | E43: prototype | F43: shadow_prototype | I43: puzzle_main_prototype.html | J43: FALSE | K43: decision_round_limit | L43: 900.867 | M43: 10 | N43: 10 | O43: 0 | P43: 37843 | Q43: 0 | R43: 23217 | S43: 21748 | T43: 61060 | U43: 0.4428625 | V43: Telpiskā spriešana vai mērķa stāvoklis nepareizs
A44: 20260521_172911_259483 | B44: 2026-05-21T17:40:37 | C44: gpt-5.5-2026-04-23 | D44: standalone shadow prototype puzzle | E44: prototype | F44: shadow_prototype | I44: puzzle_main_prototype.html | J44: FALSE | K44: decision_round_limit | L44: 684.532 | M44: 10 | N44: 10 | O44: 0 | P44: 33462 | Q44: 0 | R44: 23944 | S44: 22476 | T44: 57406 | U44: 0.442815 | V44: Telpiskā spriešana vai mērķa stāvoklis nepareizs
A45: 20260521_174043_857091 | B45: 2026-05-21T17:55:30 | C45: gpt-5.5-2026-04-23 | D45: standalone shadow prototype puzzle | E45: prototype | F45: shadow_prototype | I45: puzzle_main_prototype.html | J45: FALSE | K45: decision_round_limit | L45: 884.86 | M45: 10 | N45: 10 | O45: 0 | P45: 33532 | Q45: 0 | R45: 30634 | S45: 29169 | T45: 64166 | U45: 0.54334 | V45: Telpiskā spriešana vai mērķa stāvoklis nepareizs
... A65: 20260521_224124_239341 | B65: 2026-05-21T22:54:05 | C65: gpt-5.5-2026-04-23 | D65: standalone shadow prototype puzzle | E65: prototype | F65: shadow_prototype | I65: puzzle_main_prototype.html | J65: FALSE | K65: decision_round_limit | L65: 758.871 | M65: 10 | N65: 10 | O65: 1 | P65: 33431 | Q65: 0 | R65: 26071 | S65: 24639 | T65: 59502 | U65: 0.4746425 | V65: Telpiskā spriešana vai mērķa stāvoklis nepareizs

Sheet Summary
A1: MI aģenta testu kopsavilkums
A3: Testu skaits | B3: =COUNTA(Runs!$A$2:$A$1048576) -> 64
A4: Veiksmīgi | B4: =COUNTIF(Runs!$J:$J,TRUE) -> 28
A5: Sekmju īpatsvars | B5: =IFERROR(B4/B3,"") -> 0.4375
A6: Vidējais laiks (s) | B6: =IFERROR(AVERAGE(Runs!$L:$L),"") -> 427.07225
A7: Vidējās lēmumu kārtas | B7: =IFERROR(AVERAGE(Runs!$M:$M),"") -> 6.078125
A8: Modeļa pieprasījumi kopā | B8: =SUM(Runs!$N:$N) -> 389
A9: Aptuvenās izmaksas (USD) | B9: =SUM(Runs!$U:$U) -> 16.74609
A12: task_type | B12: tests | C12: successes | D12: success_rate | E12: avg_duration_s | F12: avg_decision_rounds | G12: avg_check_presses | H12: model_requests | I12: estimated_cost_usd
A13: text | B13: =COUNTIF(Runs!$F:$F,A13) -> 8 | C13: =COUNTIFS(Runs!$F:$F,A13,Runs!$J:$J,TRUE) -> 4 | D13: =IFERROR(C13/B13,"") -> 0.5 | E13: =IFERROR(AVERAGEIF(Runs!$F:$F,A13,Runs!$L:$L),"") -> 55.2335 | F13: =IFERROR(AVERAGEIF(Runs!$F:$F,A13,Runs!$M:$M),"") -> 2 | G13: =IFERROR(AVERAGEIF(Runs!$F:$F,A13,Runs!$O:$O),"") -> 2 | H13: =SUMIF(Runs!$F:$F,A13,Runs!$N:$N) -> 16 | I13: =SUMIF(Runs!$F:$F,A13,Runs!$U:$U) -> 0.3615155
A14: slide | B14: =COUNTIF(Runs!$F:$F,A14) -> 8 | C14: =COUNTIFS(Runs!$F:$F,A14,Runs!$J:$J,TRUE) -> 8 | D14: =IFERROR(C14/B14,"") -> 1 | E14: =IFERROR(AVERAGEIF(Runs!$F:$F,A14,Runs!$L:$L),"") -> 151.45263 | F14: =IFERROR(AVERAGEIF(Runs!$F:$F,A14,Runs!$M:$M),"") -> 4.375 | G14: =IFERROR(AVERAGEIF(Runs!$F:$F,A14,Runs!$O:$O),"") -> 1.25 | H14: =SUMIF(Runs!$F:$F,A14,Runs!$N:$N) -> 35 | I14: =SUMIF(Runs!$F:$F,A14,Runs!$U:$U) -> 0.897283
A15: choose | B15: =COUNTIF(Runs!$F:$F,A15) -> 8 | C15: =COUNTIFS(Runs!$F:$F,A15,Runs!$J:$J,TRUE) -> 8 | D15: =IFERROR(C15/B15,"") -> 1 | E15: =IFERROR(AVERAGEIF(Runs!$F:$F,A15,Runs!$L:$L),"") -> 28.27325 | F15: =IFERROR(AVERAGEIF(Runs!$F:$F,A15,Runs!$M:$M),"") -> 1.25 | G15: =IFERROR(AVERAGEIF(Runs!$F:$F,A15,Runs!$O:$O),"") -> 1.25 | H15: =SUMIF(Runs!$F:$F,A15,Runs!$N:$N) -> 10 | I15: =SUMIF(Runs!$F:$F,A15,Runs!$U:$U) -> 0.2009545
A16: cover | B16: =COUNTIF(Runs!$F:$F,A16) -> 8 | C16: =COUNTIFS(Runs!$F:$F,A16,Runs!$J:$J,TRUE) -> 8 | D16: =IFERROR(C16/B16,"") -> 1 | E16: =IFERROR(AVERAGEIF(Runs!$F:$F,A16,Runs!$L:$L),"") -> 28.41225 | F16: =IFERROR(AVERAGEIF(Runs!$F:$F,A16,Runs!$M:$M),"") -> 1 | G16: =IFERROR(AVERAGEIF(Runs!$F:$F,A16,Runs!$O:$O),"") -> 1 | H16: =SUMIF(Runs!$F:$F,A16,Runs!$N:$N) -> 8 | I16: =SUMIF(Runs!$F:$F,A16,Runs!$U:$U) -> 0.184013
A17: shadow_prototype | B17: =COUNTIF(Runs!$F:$F,A17) -> 32 | C17: =COUNTIFS(Runs!$F:$F,A17,Runs!$J:$J,TRUE) -> 0 | D17: =IFERROR(C17/B17,"") -> 0 | E17: =IFERROR(AVERAGEIF(Runs!$F:$F,A17,Runs!$L:$L),"") -> 788.30159 | F17: =IFERROR(AVERAGEIF(Runs!$F:$F,A17,Runs!$M:$M),"") -> 10 | G17: =IFERROR(AVERAGEIF(Runs!$F:$F,A17,Runs!$O:$O),"") -> 0.34375 | H17: =SUMIF(Runs!$F:$F,A17,Runs!$N:$N) -> 320 | I17: =SUMIF(Runs!$F:$F,A17,Runs!$U:$U) -> 15.102324
A18: unknown | B18: =COUNTIF(Runs!$F:$F,A18) -> 0 | C18: =COUNTIFS(Runs!$F:$F,A18,Runs!$J:$J,TRUE) -> 0 | D18: =IFERROR(C18/B18,"") | E18: =IFERROR(AVERAGEIF(Runs!$F:$F,A18,Runs!$L:$L),"") | F18: =IFERROR(AVERAGEIF(Runs!$F:$F,A18,Runs!$M:$M),"") | G18: =IFERROR(AVERAGEIF(Runs!$F:$F,A18,Runs!$O:$O),"") | H18: =SUMIF(Runs!$F:$F,A18,Runs!$N:$N) -> 0 | I18: =SUMIF(Runs!$F:$F,A18,Runs!$U:$U) -> 0

Sheet ErrorTypeOptions
A1: Instrukcija nav saprasta
A2: Attēls vai objekts interpretēts nepareizi
A3: Telpiskā spriešana vai mērķa stāvoklis nepareizs
A4: Precīza mijiedarbība neizdevās
A5: Iestrēga vai atkārtoja neefektīvu pieeju
A6: Cits
